<application>
  <component name="GoogleLoginApplicationSettings">
    <option name="activeUser" value="avillagranc3@miumg.edu.gt" />
    <option name="userEmail2FeaturesStore">
      <map>
        <entry key="avillagranc3@miumg.edu.gt">
          <value>
            <set>
              <option value="Firebase" />
              <option value="Gemini" />
              <option value="Android Vitals" />
              <option value="User Info" />
            </set>
          </value>
        </entry>
      </map>
    </option>
  </component>
</application>